,Id,release,dir,exists,mean_FD,max_relative_motion
0,M10936018,1,pipeline_OakhurstCity/_compcor_ncomponents_5_linear1.motion1.compcor1.CSF_0.98_GM_0.7_WM_0.98/M10936018_session_1/scan_RfMRI_mx_1400_rest_RPI,False,0.0,0.0
1,M10918439,1,pipeline_OakhurstCity/_compcor_ncomponents_5_linear1.motion1.compcor1.CSF_0.98_GM_0.7_WM_0.98/M10918439_session_1/scan_RfMRI_mx_1400_rest_RPI,True,0.300247385891,0.993565347624
2,M10948071,1,pipeline_OakhurstCity/_compcor_ncomponents_5_linear1.motion1.compcor1.CSF_0.98_GM_0.7_WM_0.98/M10948071_session_1/scan_RfMRI_mx_1400_rest_RPI,True,0.264253793812,0.820037194278
3,M10997570,1,pipeline_OakhurstCity/_compcor_ncomponents_5_linear1.motion1.compcor1.CSF_0.98_GM_0.7_WM_0.98/M10997570_session_1/scan_RfMRI_mx_1400_rest_RPI,True,0.573558351238,2.7532764863
4,M10903872,1,pipeline_OakhurstCity/_compcor_ncomponents_5_linear1.motion1.compcor1.CSF_0.98_GM_0.7_WM_0.98/M10903872_session_1/scan_RfMRI_mx_1400_rest_RPI,True,0.112851015347,0.556122549444
5,M10909459,1,pipeline_OakhurstCity/_compcor_ncomponents_5_linear1.motion1.compcor1.CSF_0.98_GM_0.7_WM_0.98/M10909459_session_1/scan_RfMRI_mx_1400_rest_RPI,True,0.0781339272277,0.572544714411
6,M10979454,1,pipeline_OakhurstCity/_compcor_ncomponents_5_linear1.motion1.compcor1.CSF_0.98_GM_0.7_WM_0.98/M10979454_session_1/scan_RfMRI_mx_1400_rest_RPI,True,1.03228325817,6.34060049286
7,M10999155,1,pipeline_OakhurstCity/_compcor_ncomponents_5_linear1.motion1.compcor1.CSF_0.98_GM_0.7_WM_0.98/M10999155_session_1/scan_RfMRI_mx_1400_rest_RPI,True,0.289522945792,4.22249326465
8,M10950716,1,pipeline_OakhurstCity/_compcor_ncomponents_5_linear1.motion1.compcor1.CSF_0.98_GM_0.7_WM_0.98/M10950716_session_1/scan_RfMRI_mx_1400_rest_RPI,True,0.456152607178,1.60259760701
9,M10961513,1,pipeline_OakhurstCity/_compcor_ncomponents_5_linear1.motion1.compcor1.CSF_0.98_GM_0.7_WM_0.98/M10961513_session_1/scan_RfMRI_mx_1400_rest_RPI,True,1.05323315817,3.75650806202
10,M10930249,1,pipeline_OakhurstCity/_compcor_ncomponents_5_linear1.motion1.compcor1.CSF_0.98_GM_0.7_WM_0.98/M10930249_session_1/scan_RfMRI_mx_1400_rest_RPI,True,0.32311290495,1.44080641656
11,M10932088,1,pipeline_OakhurstCity/_compcor_ncomponents_5_linear1.motion1.compcor1.CSF_0.98_GM_0.7_WM_0.98/M10932088_session_1/scan_RfMRI_mx_1400_rest_RPI,True,0.352069257673,2.90316884111
12,M10965660,1,pipeline_OakhurstCity/_compcor_ncomponents_5_linear1.motion1.compcor1.CSF_0.98_GM_0.7_WM_0.98/M10965660_session_1/scan_RfMRI_mx_1400_rest_RPI,True,0.123545858416,0.286582797809
13,M10957873,1,pipeline_OakhurstCity/_compcor_ncomponents_5_linear1.motion1.compcor1.CSF_0.98_GM_0.7_WM_0.98/M10957873_session_1/scan_RfMRI_mx_1400_rest_RPI,True,0.275298423762,3.73338766538
14,M10951580,1,pipeline_OakhurstCity/_compcor_ncomponents_5_linear1.motion1.compcor1.CSF_0.98_GM_0.7_WM_0.98/M10951580_session_1/scan_RfMRI_mx_1400_rest_RPI,True,0.235035425,0.669067746943
15,M10968013,1,pipeline_OakhurstCity/_compcor_ncomponents_5_linear1.motion1.compcor1.CSF_0.98_GM_0.7_WM_0.98/M10968013_session_1/scan_RfMRI_mx_1400_rest_RPI,True,0.257342757921,2.27232969659
16,M10952384,1,pipeline_OakhurstCity/_compcor_ncomponents_5_linear1.motion1.compcor1.CSF_0.98_GM_0.7_WM_0.98/M10952384_session_1/scan_RfMRI_mx_1400_rest_RPI,True,0.203459135891,0.486841914794
17,M10966009,1,pipeline_OakhurstCity/_compcor_ncomponents_5_linear1.motion1.compcor1.CSF_0.98_GM_0.7_WM_0.98/M10966009_session_1/scan_RfMRI_mx_1400_rest_RPI,True,0.198706526238,0.291496140626
18,M10964326,1,pipeline_OakhurstCity/_compcor_ncomponents_5_linear1.motion1.compcor1.CSF_0.98_GM_0.7_WM_0.98/M10964326_session_1/scan_RfMRI_mx_1400_rest_RPI,True,0.143450816584,0.262732278184
19,M10912347,1,pipeline_OakhurstCity/_compcor_ncomponents_5_linear1.motion1.compcor1.CSF_0.98_GM_0.7_WM_0.98/M10912347_session_1/scan_RfMRI_mx_1400_rest_RPI,True,0.142997563119,0.304212557269
20,M10979309,1,pipeline_OakhurstCity/_compcor_ncomponents_5_linear1.motion1.compcor1.CSF_0.98_GM_0.7_WM_0.98/M10979309_session_1/scan_RfMRI_mx_1400_rest_RPI,True,0.121151203218,0.390265153453
21,M10934795,1,pipeline_OakhurstCity/_compcor_ncomponents_5_linear1.motion1.compcor1.CSF_0.98_GM_0.7_WM_0.98/M10934795_session_1/scan_RfMRI_mx_1400_rest_RPI,True,0.219677053713,1.22774750662
22,M10974363,1,pipeline_OakhurstCity/_compcor_ncomponents_5_linear1.motion1.compcor1.CSF_0.98_GM_0.7_WM_0.98/M10974363_session_1/scan_RfMRI_mx_1400_rest_RPI,True,0.161304628218,0.402050942046
23,M10939480,1,pipeline_OakhurstCity/_compcor_ncomponents_5_linear1.motion1.compcor1.CSF_0.98_GM_0.7_WM_0.98/M10939480_session_1/scan_RfMRI_mx_1400_rest_RPI,True,0.132416387129,0.245753474034
24,M10988199,1,pipeline_OakhurstCity/_compcor_ncomponents_5_linear1.motion1.compcor1.CSF_0.98_GM_0.7_WM_0.98/M10988199_session_1/scan_RfMRI_mx_1400_rest_RPI,True,0.152087314851,0.412808296913
25,M10958744,1,pipeline_OakhurstCity/_compcor_ncomponents_5_linear1.motion1.compcor1.CSF_0.98_GM_0.7_WM_0.98/M10958744_session_1/scan_RfMRI_mx_1400_rest_RPI,True,0.133999676485,0.529231754527
26,M10956678,1,pipeline_OakhurstCity/_compcor_ncomponents_5_linear1.motion1.compcor1.CSF_0.98_GM_0.7_WM_0.98/M10956678_session_1/scan_RfMRI_mx_1400_rest_RPI,True,0.262562850248,1.27598338939
27,M10917168,1,pipeline_OakhurstCity/_compcor_ncomponents_5_linear1.motion1.compcor1.CSF_0.98_GM_0.7_WM_0.98/M10917168_session_1/scan_RfMRI_mx_1400_rest_RPI,True,0.292958955198,0.651417853609
28,M10922512,1,pipeline_OakhurstCity/_compcor_ncomponents_5_linear1.motion1.compcor1.CSF_0.98_GM_0.7_WM_0.98/M10922512_session_1/scan_RfMRI_mx_1400_rest_RPI,True,0.143606971782,0.529058078097
29,M10985781,1,pipeline_OakhurstCity/_compcor_ncomponents_5_linear1.motion1.compcor1.CSF_0.98_GM_0.7_WM_0.98/M10985781_session_1/scan_RfMRI_mx_1400_rest_RPI,True,0.295205783663,0.922264875185
30,M10973085,1,pipeline_OakhurstCity/_compcor_ncomponents_5_linear1.motion1.compcor1.CSF_0.98_GM_0.7_WM_0.98/M10973085_session_1/scan_RfMRI_mx_1400_rest_RPI,True,0.114504831436,0.166029666024
31,M10958411,1,pipeline_OakhurstCity/_compcor_ncomponents_5_linear1.motion1.compcor1.CSF_0.98_GM_0.7_WM_0.98/M10958411_session_1/scan_RfMRI_mx_1400_rest_RPI,True,0.199564973515,0.543780617529
32,M10968357,1,pipeline_OakhurstCity/_compcor_ncomponents_5_linear1.motion1.compcor1.CSF_0.98_GM_0.7_WM_0.98/M10968357_session_1/scan_RfMRI_mx_1400_rest_RPI,True,0.122709724505,0.311590516544
33,M10912249,1,pipeline_OakhurstCity/_compcor_ncomponents_5_linear1.motion1.compcor1.CSF_0.98_GM_0.7_WM_0.98/M10912249_session_1/scan_RfMRI_mx_1400_rest_RPI,True,0.134931433663,0.614129790842
34,M10923971,1,pipeline_OakhurstCity/_compcor_ncomponents_5_linear1.motion1.compcor1.CSF_0.98_GM_0.7_WM_0.98/M10923971_session_1/scan_RfMRI_mx_1400_rest_RPI,True,0.267437214604,1.43848014237
35,M10919866,1,pipeline_OakhurstCity/_compcor_ncomponents_5_linear1.motion1.compcor1.CSF_0.98_GM_0.7_WM_0.98/M10919866_session_1/scan_RfMRI_mx_1400_rest_RPI,True,0.167926247277,0.536464211295
36,M10915454,1,pipeline_OakhurstCity/_compcor_ncomponents_5_linear1.motion1.compcor1.CSF_0.98_GM_0.7_WM_0.98/M10915454_session_1/scan_RfMRI_mx_1400_rest_RPI,True,0.147977565842,0.631914748997
37,M10962251,1,pipeline_OakhurstCity/_compcor_ncomponents_5_linear1.motion1.compcor1.CSF_0.98_GM_0.7_WM_0.98/M10962251_session_1/scan_RfMRI_mx_1400_rest_RPI,True,0.24092675,0.448500546265
38,M10954423,1,pipeline_OakhurstCity/_compcor_ncomponents_5_linear1.motion1.compcor1.CSF_0.98_GM_0.7_WM_0.98/M10954423_session_1/scan_RfMRI_mx_1400_rest_RPI,True,0.291141003465,0.998296373829
39,M10979005,1,pipeline_OakhurstCity/_compcor_ncomponents_5_linear1.motion1.compcor1.CSF_0.98_GM_0.7_WM_0.98/M10979005_session_1/scan_RfMRI_mx_1400_rest_RPI,True,0.20058520198,0.480406182308
40,M10988854,1,pipeline_OakhurstCity/_compcor_ncomponents_5_linear1.motion1.compcor1.CSF_0.98_GM_0.7_WM_0.98/M10988854_session_1/scan_RfMRI_mx_1400_rest_RPI,True,0.149869744802,0.299626233831
41,M10939300,1,pipeline_OakhurstCity/_compcor_ncomponents_5_linear1.motion1.compcor1.CSF_0.98_GM_0.7_WM_0.98/M10939300_session_1/scan_RfMRI_mx_1400_rest_RPI,True,0.121300692327,0.55729153053
42,M10999340,1,pipeline_OakhurstCity/_compcor_ncomponents_5_linear1.motion1.compcor1.CSF_0.98_GM_0.7_WM_0.98/M10999340_session_1/scan_RfMRI_mx_1400_rest_RPI,True,0.644141894554,1.20123227562
43,M10937679,1,pipeline_OakhurstCity/_compcor_ncomponents_5_linear1.motion1.compcor1.CSF_0.98_GM_0.7_WM_0.98/M10937679_session_1/scan_RfMRI_mx_1400_rest_RPI,True,0.13537632797,0.248582642194
44,M10977330,1,pipeline_OakhurstCity/_compcor_ncomponents_5_linear1.motion1.compcor1.CSF_0.98_GM_0.7_WM_0.98/M10977330_session_1/scan_RfMRI_mx_1400_rest_RPI,True,0.786328282178,0.778639146203
45,M10959429,1,pipeline_OakhurstCity/_compcor_ncomponents_5_linear1.motion1.compcor1.CSF_0.98_GM_0.7_WM_0.98/M10959429_session_1/scan_RfMRI_mx_1400_rest_RPI,True,0.162247762624,0.37590681026
46,M10980093,1,pipeline_OakhurstCity/_compcor_ncomponents_5_linear1.motion1.compcor1.CSF_0.98_GM_0.7_WM_0.98/M10980093_session_1/scan_RfMRI_mx_1400_rest_RPI,True,0.373665159406,1.77805118318
47,M10982604,1,pipeline_OakhurstCity/_compcor_ncomponents_5_linear1.motion1.compcor1.CSF_0.98_GM_0.7_WM_0.98/M10982604_session_1/scan_RfMRI_mx_1400_rest_RPI,True,0.226067594444,0.39415593361
48,M10992197,1,pipeline_OakhurstCity/_compcor_ncomponents_5_linear1.motion1.compcor1.CSF_0.98_GM_0.7_WM_0.98/M10992197_session_1/scan_RfMRI_mx_1400_rest_RPI,True,0.172598644802,0.732050251007
49,M10936303,1,pipeline_OakhurstCity/_compcor_ncomponents_5_linear1.motion1.compcor1.CSF_0.98_GM_0.7_WM_0.98/M10936303_session_1/scan_RfMRI_mx_1400_rest_RPI,True,0.297778957921,0.83282925621
50,M10916834,1,pipeline_OakhurstCity/_compcor_ncomponents_5_linear1.motion1.compcor1.CSF_0.98_GM_0.7_WM_0.98/M10916834_session_1/scan_RfMRI_mx_1400_rest_RPI,True,0.181345936139,0.762466635336
51,M10937496,1,pipeline_OakhurstCity/_compcor_ncomponents_5_linear1.motion1.compcor1.CSF_0.98_GM_0.7_WM_0.98/M10937496_session_1/scan_RfMRI_mx_1400_rest_RPI,True,0.205366544059,0.535891724138
52,M10968239,1,pipeline_OakhurstCity/_compcor_ncomponents_5_linear1.motion1.compcor1.CSF_0.98_GM_0.7_WM_0.98/M10968239_session_1/scan_RfMRI_mx_1400_rest_RPI,True,0.184665482178,0.398264685856
53,M10946714,1,pipeline_OakhurstCity/_compcor_ncomponents_5_linear1.motion1.compcor1.CSF_0.98_GM_0.7_WM_0.98/M10946714_session_1/scan_RfMRI_mx_1400_rest_RPI,True,0.236364916584,0.67385482858
54,M10923173,1,pipeline_OakhurstCity/_compcor_ncomponents_5_linear1.motion1.compcor1.CSF_0.98_GM_0.7_WM_0.98/M10923173_session_1/scan_RfMRI_mx_1400_rest_RPI,True,0.275157735396,0.286075794153
55,M10944667,1,pipeline_OakhurstCity/_compcor_ncomponents_5_linear1.motion1.compcor1.CSF_0.98_GM_0.7_WM_0.98/M10944667_session_1/scan_RfMRI_mx_1400_rest_RPI,True,0.108984826485,0.343807038904
56,M10926919,1,pipeline_OakhurstCity/_compcor_ncomponents_5_linear1.motion1.compcor1.CSF_0.98_GM_0.7_WM_0.98/M10926919_session_1/scan_RfMRI_mx_1400_rest_RPI,True,0.31675610396,1.05073533299
57,M10973496,1,pipeline_OakhurstCity/_compcor_ncomponents_5_linear1.motion1.compcor1.CSF_0.98_GM_0.7_WM_0.98/M10973496_session_1/scan_RfMRI_mx_1400_rest_RPI,True,0.127739410644,0.706238557429
58,M10903714,1,pipeline_OakhurstCity/_compcor_ncomponents_5_linear1.motion1.compcor1.CSF_0.98_GM_0.7_WM_0.98/M10903714_session_1/scan_RfMRI_mx_1400_rest_RPI,True,0.317327539604,1.47109544558
59,M10993358,1,pipeline_OakhurstCity/_compcor_ncomponents_5_linear1.motion1.compcor1.CSF_0.98_GM_0.7_WM_0.98/M10993358_JAF_session_1/scan_RfMRI_mx_1400_rest_RPI,True,0.215754234901,0.19193082087
60,M10935671,1,pipeline_OakhurstCity/_compcor_ncomponents_5_linear1.motion1.compcor1.CSF_0.98_GM_0.7_WM_0.98/M10935671_session_1/scan_RfMRI_mx_1400_rest_RPI,True,0.161528488861,0.245873483727
61,M10968413,1,pipeline_OakhurstCity/_compcor_ncomponents_5_linear1.motion1.compcor1.CSF_0.98_GM_0.7_WM_0.98/M10968413_session_1/scan_RfMRI_mx_1400_rest_RPI,True,0.473553385149,1.01772784673
62,M10962704,1,pipeline_OakhurstCity/_compcor_ncomponents_5_linear1.motion1.compcor1.CSF_0.98_GM_0.7_WM_0.98/M10962704_session_1/scan_RfMRI_mx_1400_rest_RPI,True,0.337073807426,0.487226682356
63,M10950525,1,pipeline_OakhurstCity/_compcor_ncomponents_5_linear1.motion1.compcor1.CSF_0.98_GM_0.7_WM_0.98/M10950525_session_1/scan_RfMRI_mx_1400_rest_RPI,True,0.434244191832,0.512859454432
64,M10941795,1,pipeline_OakhurstCity/_compcor_ncomponents_5_linear1.motion1.compcor1.CSF_0.98_GM_0.7_WM_0.98/M10941795_session_1/scan_RfMRI_mx_1400_rest_RPI,True,0.178142323267,0.681540563723
65,M10905290,1,pipeline_OakhurstCity/_compcor_ncomponents_5_linear1.motion1.compcor1.CSF_0.98_GM_0.7_WM_0.98/M10905290_RFA_session_1/scan_RfMRI_mx_1400_rest_RPI,True,0.320184413614,0.479457047086
66,M10985428,1,pipeline_OakhurstCity/_compcor_ncomponents_5_linear1.motion1.compcor1.CSF_0.98_GM_0.7_WM_0.98/M10985428_session_1/scan_RfMRI_mx_1400_rest_RPI,True,0.20186010396,0.323077235348
67,M10983726,1,pipeline_OakhurstCity/_compcor_ncomponents_5_linear1.motion1.compcor1.CSF_0.98_GM_0.7_WM_0.98/M10983726_session_1/scan_RfMRI_mx_1400_rest_RPI,True,0.156026745297,0.637715336181
68,M10937073,1,pipeline_OakhurstCity/_compcor_ncomponents_5_linear1.motion1.compcor1.CSF_0.98_GM_0.7_WM_0.98/M10937073_session_1/scan_RfMRI_mx_1400_rest_RPI,True,0.74573999604,2.40807708556
69,M10922169,1,pipeline_OakhurstCity/_compcor_ncomponents_5_linear1.motion1.compcor1.CSF_0.98_GM_0.7_WM_0.98/M10922169_session_1/scan_RfMRI_mx_1400_rest_RPI,True,0.19551547302,0.391270711912
70,M10923657,1,pipeline_OakhurstCity/_compcor_ncomponents_5_linear1.motion1.compcor1.CSF_0.98_GM_0.7_WM_0.98/M10923657_session_1/scan_RfMRI_mx_1400_rest_RPI,False,0.0,0.0
71,M10998051,1,pipeline_OakhurstCity/_compcor_ncomponents_5_linear1.motion1.compcor1.CSF_0.98_GM_0.7_WM_0.98/M10998051_session_1/scan_RfMRI_mx_1400_rest_RPI,True,0.301463229455,0.76017777526
72,M10931127,1,pipeline_OakhurstCity/_compcor_ncomponents_5_linear1.motion1.compcor1.CSF_0.98_GM_0.7_WM_0.98/M10931127_session_1/scan_RfMRI_mx_1400_rest_RPI,True,0.23707147698,0.789603064837
73,M10987635,1,pipeline_OakhurstCity/_compcor_ncomponents_5_linear1.motion1.compcor1.CSF_0.98_GM_0.7_WM_0.98/M10987635_session_1/scan_RfMRI_mx_1400_rest_RPI,True,0.314251376238,1.58928458119
74,M10902157,1,pipeline_OakhurstCity/_compcor_ncomponents_5_linear1.motion1.compcor1.CSF_0.98_GM_0.7_WM_0.98/M10902157_session_1/scan_RfMRI_mx_1400_rest_RPI,True,0.31159197401,1.31749558254
75,M10916065,1,pipeline_OakhurstCity/_compcor_ncomponents_5_linear1.motion1.compcor1.CSF_0.98_GM_0.7_WM_0.98/M10916065_session_1/scan_RfMRI_mx_1400_rest_RPI,True,0.433351005446,1.34878662879
76,M10978174,1,pipeline_OakhurstCity/_compcor_ncomponents_5_linear1.motion1.compcor1.CSF_0.98_GM_0.7_WM_0.98/M10978174_session_1/scan_RfMRI_mx_1400_rest_RPI,True,0.18656022302,0.353106726076
77,M10994023,1,pipeline_OakhurstCity/_compcor_ncomponents_5_linear1.motion1.compcor1.CSF_0.98_GM_0.7_WM_0.98/M10994023_session_1/scan_RfMRI_mx_1400_rest_RPI,True,0.306073631188,1.25995848344
78,M10911282,1,pipeline_OakhurstCity/_compcor_ncomponents_5_linear1.motion1.compcor1.CSF_0.98_GM_0.7_WM_0.98/M10911282_session_1/scan_RfMRI_mx_1400_rest_RPI,True,0.223111454455,0.717605365086
79,M10922816,1,pipeline_OakhurstCity/_compcor_ncomponents_5_linear1.motion1.compcor1.CSF_0.98_GM_0.7_WM_0.98/M10922816_session_1/scan_RfMRI_mx_1400_rest_RPI,True,0.345925420792,0.975551049407
80,M10918051,1,pipeline_OakhurstCity/_compcor_ncomponents_5_linear1.motion1.compcor1.CSF_0.98_GM_0.7_WM_0.98/M10918051_session_1/scan_RfMRI_mx_1400_rest_RPI,True,0.21961229901,0.535948887488
81,M10962902,1,pipeline_OakhurstCity/_compcor_ncomponents_5_linear1.motion1.compcor1.CSF_0.98_GM_0.7_WM_0.98/M10962902_session_1/scan_RfMRI_mx_1400_rest_RPI,True,0.236911455446,0.514157689819
82,M10955458,1,pipeline_OakhurstCity/_compcor_ncomponents_5_linear1.motion1.compcor1.CSF_0.98_GM_0.7_WM_0.98/M10955458_session_1/scan_RfMRI_mx_1400_rest_RPI,True,0.430993769802,0.550825571302
83,M10909727,1,pipeline_OakhurstCity/_compcor_ncomponents_5_linear1.motion1.compcor1.CSF_0.98_GM_0.7_WM_0.98/M10909727_session_1/scan_RfMRI_mx_1400_rest_RPI,True,0.242551243564,0.835833117315
84,M10939212,1,pipeline_OakhurstCity/_compcor_ncomponents_5_linear1.motion1.compcor1.CSF_0.98_GM_0.7_WM_0.98/M10939212_session_1/scan_RfMRI_mx_1400_rest_RPI,True,0.106450093812,0.237275388526
85,M10950589,1,pipeline_OakhurstCity/_compcor_ncomponents_5_linear1.motion1.compcor1.CSF_0.98_GM_0.7_WM_0.98/M10950589_session_1/scan_RfMRI_mx_1400_rest_RPI,True,0.138966948515,1.4396264967
86,M10967827,1,pipeline_OakhurstCity/_compcor_ncomponents_5_linear1.motion1.compcor1.CSF_0.98_GM_0.7_WM_0.98/M10967827_session_1/scan_RfMRI_mx_1400_rest_RPI,True,0.118178078713,0.589400797421
87,M10955419,1,pipeline_OakhurstCity/_compcor_ncomponents_5_linear1.motion1.compcor1.CSF_0.98_GM_0.7_WM_0.98/M10955419_session_1/scan_RfMRI_mx_1400_rest_RPI,True,0.171010024505,0.510942315727
88,M10995031,1,pipeline_OakhurstCity/_compcor_ncomponents_5_linear1.motion1.compcor1.CSF_0.98_GM_0.7_WM_0.98/M10995031_session_1/scan_RfMRI_mx_1400_rest_RPI,True,0.462304150495,0.356075722284
89,M10990501,1,pipeline_OakhurstCity/_compcor_ncomponents_5_linear1.motion1.compcor1.CSF_0.98_GM_0.7_WM_0.98/M10990501_session_1/scan_RfMRI_mx_1400_rest_RPI,True,0.327443029455,0.497062269741
90,M10923429,1,pipeline_OakhurstCity/_compcor_ncomponents_5_linear1.motion1.compcor1.CSF_0.98_GM_0.7_WM_0.98/M10923429_session_1/scan_RfMRI_mx_1400_rest_RPI,True,0.327211277475,0.785977894091
91,M10922844,1,pipeline_OakhurstCity/_compcor_ncomponents_5_linear1.motion1.compcor1.CSF_0.98_GM_0.7_WM_0.98/M10922844_session_1/scan_RfMRI_mx_1400_rest_RPI,True,0.329528538861,0.590758537814
92,M10915824,1,pipeline_OakhurstCity/_compcor_ncomponents_5_linear1.motion1.compcor1.CSF_0.98_GM_0.7_WM_0.98/M10915824_session_1/scan_RfMRI_mx_1400_rest_RPI,True,0.476305031188,0.65477413663
93,M10958560,1,pipeline_OakhurstCity/_compcor_ncomponents_5_linear1.motion1.compcor1.CSF_0.98_GM_0.7_WM_0.98/M10958560_session_1/scan_RfMRI_mx_1400_rest_RPI,True,0.319085349505,2.46480154374
94,M10905488,1,pipeline_OakhurstCity/_compcor_ncomponents_5_linear1.motion1.compcor1.CSF_0.98_GM_0.7_WM_0.98/M10905488_session_1/scan_RfMRI_mx_1400_rest_RPI,True,0.136619775198,0.226639118424
95,M10908355,1,pipeline_OakhurstCity/_compcor_ncomponents_5_linear1.motion1.compcor1.CSF_0.98_GM_0.7_WM_0.98/M10908355_session_1/scan_RfMRI_mx_1400_rest_RPI,True,0.361186941584,1.72010785999
96,M10989478,1,pipeline_OakhurstCity/_compcor_ncomponents_5_linear1.motion1.compcor1.CSF_0.98_GM_0.7_WM_0.98/M10989478_session_1/scan_RfMRI_mx_1400_rest_RPI,True,0.508022084158,1.02335689278
97,M10916039,1,pipeline_OakhurstCity/_compcor_ncomponents_5_linear1.motion1.compcor1.CSF_0.98_GM_0.7_WM_0.98/M10916039_session_1/scan_RfMRI_mx_1400_rest_RPI,True,0.0868847329208,0.724301353029
98,M10956263,1,pipeline_OakhurstCity/_compcor_ncomponents_5_linear1.motion1.compcor1.CSF_0.98_GM_0.7_WM_0.98/M10956263_session_1/scan_RfMRI_mx_1400_rest_RPI,True,0.348668147525,0.779915328738
99,M10916842,1,pipeline_OakhurstCity/_compcor_ncomponents_5_linear1.motion1.compcor1.CSF_0.98_GM_0.7_WM_0.98/M10916842_session_1/scan_RfMRI_mx_1400_rest_RPI,True,0.219780416089,1.96752840386
100,M10931832,1,pipeline_OakhurstCity/_compcor_ncomponents_5_linear1.motion1.compcor1.CSF_0.98_GM_0.7_WM_0.98/M10931832_session_1/scan_RfMRI_mx_1400_rest_RPI,True,0.237447459901,0.572713340162
101,M10953114,1,pipeline_OakhurstCity/_compcor_ncomponents_5_linear1.motion1.compcor1.CSF_0.98_GM_0.7_WM_0.98/M10953114_session_1/scan_RfMRI_mx_1400_rest_RPI,True,0.26315807698,0.876492059291
102,M10932850,1,pipeline_OakhurstCity/_compcor_ncomponents_5_linear1.motion1.compcor1.CSF_0.98_GM_0.7_WM_0.98/M10932850_session_1/scan_RfMRI_mx_1400_rest_RPI,True,0.258779989356,0.533067434758
103,M10979873,1,pipeline_OakhurstCity/_compcor_ncomponents_5_linear1.motion1.compcor1.CSF_0.98_GM_0.7_WM_0.98/M10979873_session_1/scan_RfMRI_mx_1400_rest_RPI,True,0.443750862871,1.00017980883
104,M10914232,1,pipeline_OakhurstCity/_compcor_ncomponents_5_linear1.motion1.compcor1.CSF_0.98_GM_0.7_WM_0.98/M10914232_session_1/scan_RfMRI_mx_1400_rest_RPI,True,0.384569960891,1.23311646246
105,M10978453,1,pipeline_OakhurstCity/_compcor_ncomponents_5_linear1.motion1.compcor1.CSF_0.98_GM_0.7_WM_0.98/M10978453_session_1/scan_RfMRI_mx_1400_rest_RPI,True,0.481161914109,0.717360606669
106,M10932995,1,pipeline_OakhurstCity/_compcor_ncomponents_5_linear1.motion1.compcor1.CSF_0.98_GM_0.7_WM_0.98/M10932995_session_1/scan_RfMRI_mx_1400_rest_RPI,True,0.240806559901,0.393888562921
107,M10996651,1,pipeline_OakhurstCity/_compcor_ncomponents_5_linear1.motion1.compcor1.CSF_0.98_GM_0.7_WM_0.98/M10996651_session_1/scan_RfMRI_mx_1400_rest_RPI,True,0.247406422277,0.377730710957
108,M10906780,1,pipeline_OakhurstCity/_compcor_ncomponents_5_linear1.motion1.compcor1.CSF_0.98_GM_0.7_WM_0.98/M10906780_session_1/scan_RfMRI_mx_1400_rest_RPI,True,0.191133904455,1.12453212493
109,M10999620,1,pipeline_OakhurstCity/_compcor_ncomponents_5_linear1.motion1.compcor1.CSF_0.98_GM_0.7_WM_0.98/M10999620_session_1/scan_RfMRI_mx_1400_rest_RPI,True,0.318601356931,1.08952631909
110,M10903645,1,pipeline_OakhurstCity/_compcor_ncomponents_5_linear1.motion1.compcor1.CSF_0.98_GM_0.7_WM_0.98/M10903645_session_1/scan_RfMRI_mx_1400_rest_RPI,True,0.95644122995,1.4422276138
111,M10964900,1,pipeline_OakhurstCity/_compcor_ncomponents_5_linear1.motion1.compcor1.CSF_0.98_GM_0.7_WM_0.98/M10964900_session_1/scan_RfMRI_mx_1400_rest_RPI,True,0.64718307896,0.989314358533
112,M10983457,1,pipeline_OakhurstCity/_compcor_ncomponents_5_linear1.motion1.compcor1.CSF_0.98_GM_0.7_WM_0.98/M10983457_session_1/scan_RfMRI_mx_1400_rest_RPI,True,0.279267782921,0.547378525337
113,M10982376,1,pipeline_OakhurstCity/_compcor_ncomponents_5_linear1.motion1.compcor1.CSF_0.98_GM_0.7_WM_0.98/M10982376_session_1/scan_RfMRI_mx_1400_rest_RPI,True,0.520968422525,0.743853964162
114,M10985676,1,pipeline_OakhurstCity/_compcor_ncomponents_5_linear1.motion1.compcor1.CSF_0.98_GM_0.7_WM_0.98/M10985676_session_1/scan_RfMRI_mx_1400_rest_RPI,True,0.313047947525,0.466945157379
115,M10998357,1,pipeline_OakhurstCity/_compcor_ncomponents_5_linear1.motion1.compcor1.CSF_0.98_GM_0.7_WM_0.98/M10998357_session_1/scan_RfMRI_mx_1400_rest_RPI,True,0.707119191584,0.682318122286
116,M10944702,1,pipeline_OakhurstCity/_compcor_ncomponents_5_linear1.motion1.compcor1.CSF_0.98_GM_0.7_WM_0.98/M10944702_session_1/scan_RfMRI_mx_1400_rest_RPI,True,0.197166483663,0.611729825985
117,M10961200,1,pipeline_OakhurstCity/_compcor_ncomponents_5_linear1.motion1.compcor1.CSF_0.98_GM_0.7_WM_0.98/M10961200_session_1/scan_RfMRI_mx_1400_rest_RPI,True,0.221445104455,0.482892959153
118,M10915321,1,pipeline_OakhurstCity/_compcor_ncomponents_5_linear1.motion1.compcor1.CSF_0.98_GM_0.7_WM_0.98/M10915321_session_1/scan_RfMRI_mx_1400_rest_RPI,True,0.272518587871,0.908596158918
119,M10936416,1,pipeline_OakhurstCity/_compcor_ncomponents_5_linear1.motion1.compcor1.CSF_0.98_GM_0.7_WM_0.98/M10936416_session_1/scan_RfMRI_mx_1400_rest_RPI,True,0.19880664802,0.619745899543
120,M10920557,1,pipeline_OakhurstCity/_compcor_ncomponents_5_linear1.motion1.compcor1.CSF_0.98_GM_0.7_WM_0.98/M10920557_session_1/scan_RfMRI_mx_1400_rest_RPI,True,0.741856811881,1.33694443041
121,M10997836,1,pipeline_OakhurstCity/_compcor_ncomponents_5_linear1.motion1.compcor1.CSF_0.98_GM_0.7_WM_0.98/M10997836_session_1/scan_RfMRI_mx_1400_rest_RPI,True,0.189771792822,0.337067025976
122,M10988219,1,pipeline_OakhurstCity/_compcor_ncomponents_5_linear1.motion1.compcor1.CSF_0.98_GM_0.7_WM_0.98/M10988219_session_1/scan_RfMRI_mx_1400_rest_RPI,True,0.314060060396,0.823197698005
123,M10932717,1,pipeline_OakhurstCity/_compcor_ncomponents_5_linear1.motion1.compcor1.CSF_0.98_GM_0.7_WM_0.98/M10932717_session_1/scan_RfMRI_mx_1400_rest_RPI,True,0.182120758663,0.959985525933
124,M10946865,1,pipeline_OakhurstCity/_compcor_ncomponents_5_linear1.motion1.compcor1.CSF_0.98_GM_0.7_WM_0.98/M10946865_session_1/scan_RfMRI_mx_1400_rest_RPI,True,0.10720900297,0.616221291421
125,M10994956,1,pipeline_OakhurstCity/_compcor_ncomponents_5_linear1.motion1.compcor1.CSF_0.98_GM_0.7_WM_0.98/M10994956_session_1/scan_RfMRI_mx_1400_rest_RPI,True,0.186675701485,0.326366190038
126,M10952968,1,pipeline_OakhurstCity/_compcor_ncomponents_5_linear1.motion1.compcor1.CSF_0.98_GM_0.7_WM_0.98/M10952968_session_1/scan_RfMRI_mx_1400_rest_RPI,True,0.503271891832,0.856736704011
127,M10973286,1,pipeline_OakhurstCity/_compcor_ncomponents_5_linear1.motion1.compcor1.CSF_0.98_GM_0.7_WM_0.98/M10973286_session_1/scan_RfMRI_mx_1400_rest_RPI,True,0.301117320297,0.714450978024
128,M10995236,1,pipeline_OakhurstCity/_compcor_ncomponents_5_linear1.motion1.compcor1.CSF_0.98_GM_0.7_WM_0.98/M10995236_session_1/scan_RfMRI_mx_1400_rest_RPI,True,0.267140453218,0.949494081077
129,M10913013,1,pipeline_OakhurstCity/_compcor_ncomponents_5_linear1.motion1.compcor1.CSF_0.98_GM_0.7_WM_0.98/M10913013_session_1/scan_RfMRI_mx_1400_rest_RPI,True,0.328338598762,1.08446028051
130,M10968489,1,pipeline_OakhurstCity/_compcor_ncomponents_5_linear1.motion1.compcor1.CSF_0.98_GM_0.7_WM_0.98/M10968489_session_1/scan_RfMRI_mx_1400_rest_RPI,True,0.434957334653,0.844032564538
131,M10974886,1,pipeline_OakhurstCity/_compcor_ncomponents_5_linear1.motion1.compcor1.CSF_0.98_GM_0.7_WM_0.98/M10974886_session_1/scan_RfMRI_mx_1400_rest_RPI,True,0.280028192079,0.878295081393
132,M10915564,1,pipeline_OakhurstCity/_compcor_ncomponents_5_linear1.motion1.compcor1.CSF_0.98_GM_0.7_WM_0.98/M10915564_session_1/scan_RfMRI_mx_1400_rest_RPI,True,0.405018357426,0.470368291874
133,M10912828,1,pipeline_OakhurstCity/_compcor_ncomponents_5_linear1.motion1.compcor1.CSF_0.98_GM_0.7_WM_0.98/M10912828_session_1/scan_RfMRI_mx_1400_rest_RPI,True,0.998421373515,0.954482655683
134,M10986277,1,pipeline_OakhurstCity/_compcor_ncomponents_5_linear1.motion1.compcor1.CSF_0.98_GM_0.7_WM_0.98/M10986277_session_1/scan_RfMRI_mx_1400_rest_RPI,True,0.52934952797,0.782903729714
135,M10966987,1,pipeline_OakhurstCity/_compcor_ncomponents_5_linear1.motion1.compcor1.CSF_0.98_GM_0.7_WM_0.98/M10966987_session_1/scan_RfMRI_mx_1400_rest_RPI,True,0.322893198515,0.715926846822
136,M10977857,1,pipeline_OakhurstCity/_compcor_ncomponents_5_linear1.motion1.compcor1.CSF_0.98_GM_0.7_WM_0.98/M10977857_session_1/scan_RfMRI_mx_1400_rest_RPI,True,0.459545840842,0.556726952823
137,M10998130,1,pipeline_OakhurstCity/_compcor_ncomponents_5_linear1.motion1.compcor1.CSF_0.98_GM_0.7_WM_0.98/M10998130_session_1/scan_RfMRI_mx_1400_rest_RPI,True,0.186542982178,0.336438790867
138,M10969007,1,pipeline_OakhurstCity/_compcor_ncomponents_5_linear1.motion1.compcor1.CSF_0.98_GM_0.7_WM_0.98/M10969007_session_1/scan_RfMRI_mx_1400_rest_RPI,True,0.207139457178,0.756832114805
139,M10980308,1,pipeline_OakhurstCity/_compcor_ncomponents_5_linear1.motion1.compcor1.CSF_0.98_GM_0.7_WM_0.98/M10980308_session_1/scan_RfMRI_mx_1400_rest_RPI,True,0.434889593317,0.781498266153
140,M10947122,1,pipeline_OakhurstCity/_compcor_ncomponents_5_linear1.motion1.compcor1.CSF_0.98_GM_0.7_WM_0.98/M10947122_session_1/scan_RfMRI_mx_1400_rest_RPI,True,0.223745781436,0.454383901563
141,M10925762,1,pipeline_OakhurstCity/_compcor_ncomponents_5_linear1.motion1.compcor1.CSF_0.98_GM_0.7_WM_0.98/M10925762_session_1/scan_RfMRI_mx_1400_rest_RPI,True,0.299638261634,0.451965319466
142,M10992736,1,pipeline_OakhurstCity/_compcor_ncomponents_5_linear1.motion1.compcor1.CSF_0.98_GM_0.7_WM_0.98/M10992736_session_1/scan_RfMRI_mx_1400_rest_RPI,True,0.405869890842,0.913596344126
143,M10953131,1,pipeline_OakhurstCity/_compcor_ncomponents_5_linear1.motion1.compcor1.CSF_0.98_GM_0.7_WM_0.98/M10953131_session_1/scan_RfMRI_mx_1400_rest_RPI,True,0.467485611139,0.687500261818
144,M10933436,1,pipeline_OakhurstCity/_compcor_ncomponents_5_linear1.motion1.compcor1.CSF_0.98_GM_0.7_WM_0.98/M10933436_session_1/scan_RfMRI_mx_1400_rest_RPI,True,0.171278705941,0.657844373693
145,M10954419,1,pipeline_OakhurstCity/_compcor_ncomponents_5_linear1.motion1.compcor1.CSF_0.98_GM_0.7_WM_0.98/M10954419_session_1/scan_RfMRI_mx_1400_rest_RPI,True,0.320365773267,0.488979191786
146,M10905521,1,pipeline_OakhurstCity/_compcor_ncomponents_5_linear1.motion1.compcor1.CSF_0.98_GM_0.7_WM_0.98/M10905521_session_1/scan_RfMRI_mx_1400_rest_RPI,True,0.218598090099,0.38424013325
147,M10949794,1,pipeline_OakhurstCity/_compcor_ncomponents_5_linear1.motion1.compcor1.CSF_0.98_GM_0.7_WM_0.98/M10949794_session_1/scan_RfMRI_mx_1400_rest_RPI,True,0.185858806436,0.415841219698
148,M10944314,1,pipeline_OakhurstCity/_compcor_ncomponents_5_linear1.motion1.compcor1.CSF_0.98_GM_0.7_WM_0.98/M10944314_session_1/scan_RfMRI_mx_1400_rest_RPI,True,0.280601925743,0.575761061552
149,M10906057,1,pipeline_OakhurstCity/_compcor_ncomponents_5_linear1.motion1.compcor1.CSF_0.98_GM_0.7_WM_0.98/M10906057_session_1/scan_RfMRI_mx_1400_rest_RPI,True,0.552167575,1.90454164827
150,M10990053,1,pipeline_OakhurstCity/_compcor_ncomponents_5_linear1.motion1.compcor1.CSF_0.98_GM_0.7_WM_0.98/M10990053_session_1/scan_RfMRI_mx_1400_rest_RPI,True,0.356440536881,3.60809925861
151,M10960099,1,pipeline_OakhurstCity/_compcor_ncomponents_5_linear1.motion1.compcor1.CSF_0.98_GM_0.7_WM_0.98/M10960099_session_1/scan_RfMRI_mx_1400_rest_RPI,True,0.30186439802,0.546877216567
152,M10965532,1,pipeline_OakhurstCity/_compcor_ncomponents_5_linear1.motion1.compcor1.CSF_0.98_GM_0.7_WM_0.98/M10965532_session_1/scan_RfMRI_mx_1400_rest_RPI,True,0.398730728218,0.756868561905
153,M10997456,1,pipeline_OakhurstCity/_compcor_ncomponents_5_linear1.motion1.compcor1.CSF_0.98_GM_0.7_WM_0.98/M10997456_session_1/scan_RfMRI_mx_1400_rest_RPI,True,0.475945500743,0.699221488514
154,M10977681,1,pipeline_OakhurstCity/_compcor_ncomponents_5_linear1.motion1.compcor1.CSF_0.98_GM_0.7_WM_0.98/M10977681_session_1/scan_RfMRI_mx_1400_rest_RPI,True,0.322793352475,0.563185271469
155,M10957947,1,pipeline_OakhurstCity/_compcor_ncomponents_5_linear1.motion1.compcor1.CSF_0.98_GM_0.7_WM_0.98/M10957947_session_1/scan_RfMRI_mx_1400_rest_RPI,True,0.497695513861,0.990636936521
156,M10996558,1,pipeline_OakhurstCity/_compcor_ncomponents_5_linear1.motion1.compcor1.CSF_0.98_GM_0.7_WM_0.98/M10996558_session_1/scan_RfMRI_mx_1400_rest_RPI,True,0.311656401485,0.420864550657
157,M10986697,1,pipeline_OakhurstCity/_compcor_ncomponents_5_linear1.motion1.compcor1.CSF_0.98_GM_0.7_WM_0.98/M10986697_session_1/scan_RfMRI_mx_1400_rest_RPI,True,0.257048213151,0.849128853591
158,M10988939,1,pipeline_OakhurstCity/_compcor_ncomponents_5_linear1.motion1.compcor1.CSF_0.98_GM_0.7_WM_0.98/M10988939_session_1/scan_RfMRI_mx_1400_rest_RPI,True,0.408343475,0.628668982852
159,M10971266,1,pipeline_OakhurstCity/_compcor_ncomponents_5_linear1.motion1.compcor1.CSF_0.98_GM_0.7_WM_0.98/M10971266_session_1/scan_RfMRI_mx_1400_rest_RPI,True,0.34859569505,1.34833944168
160,M10913030,1,pipeline_OakhurstCity/_compcor_ncomponents_5_linear1.motion1.compcor1.CSF_0.98_GM_0.7_WM_0.98/M10913030_session_1/scan_RfMRI_mx_1400_rest_RPI,True,0.377410930446,0.605548429112
161,M10981439,1,pipeline_OakhurstCity/_compcor_ncomponents_5_linear1.motion1.compcor1.CSF_0.98_GM_0.7_WM_0.98/M10981439_session_1/scan_RfMRI_mx_1400_rest_RPI,True,0.389240284901,0.714169062618
162,M10952189,1,pipeline_OakhurstCity/_compcor_ncomponents_5_linear1.motion1.compcor1.CSF_0.98_GM_0.7_WM_0.98/M10952189_session_1/scan_RfMRI_mx_1400_rest_RPI,True,0.34377884901,0.496140343048
163,M10909819,1,pipeline_OakhurstCity/_compcor_ncomponents_5_linear1.motion1.compcor1.CSF_0.98_GM_0.7_WM_0.98/M10909819_session_1/scan_RfMRI_mx_1400_rest_RPI,True,0.374474626485,0.642306601243
164,M10944495,1,pipeline_OakhurstCity/_compcor_ncomponents_5_linear1.motion1.compcor1.CSF_0.98_GM_0.7_WM_0.98/M10944495_session_1/scan_RfMRI_mx_1400_rest_RPI,True,0.423575866998,0.844288505192
165,M10963059,1,pipeline_OakhurstCity/_compcor_ncomponents_5_linear1.motion1.compcor1.CSF_0.98_GM_0.7_WM_0.98/M10963059_session_1/scan_RfMRI_mx_1400_rest_RPI,True,0.260249364851,0.530425612127
166,M10998985,1,pipeline_OakhurstCity/_compcor_ncomponents_5_linear1.motion1.compcor1.CSF_0.98_GM_0.7_WM_0.98/M10998985_session_1/scan_RfMRI_mx_1400_rest_RPI,True,0.265342305693,0.683175833882
167,M10979283,1,pipeline_OakhurstCity/_compcor_ncomponents_5_linear1.motion1.compcor1.CSF_0.98_GM_0.7_WM_0.98/M10979283_session_1/scan_RfMRI_mx_1400_rest_RPI,True,0.216773575,0.356651664794
168,M10927800,1,pipeline_OakhurstCity/_compcor_ncomponents_5_linear1.motion1.compcor1.CSF_0.98_GM_0.7_WM_0.98/M10927800_session_1/scan_RfMRI_mx_1400_rest_RPI,True,0.31953639505,0.417435647735
169,M10938558,1,pipeline_OakhurstCity/_compcor_ncomponents_5_linear1.motion1.compcor1.CSF_0.98_GM_0.7_WM_0.98/M10938558_session_1/scan_RfMRI_mx_1400_rest_RPI,True,0.223409256188,0.498123528856
170,M10927733,1,pipeline_OakhurstCity/_compcor_ncomponents_5_linear1.motion1.compcor1.CSF_0.98_GM_0.7_WM_0.98/M10927733_session_1/scan_RfMRI_mx_1400_rest_RPI,True,0.294612670792,0.583832278998
171,M10933894,1,pipeline_OakhurstCity/_compcor_ncomponents_5_linear1.motion1.compcor1.CSF_0.98_GM_0.7_WM_0.98/M10933894_session_1/scan_RfMRI_mx_1400_rest_RPI,True,0.175749818317,0.2352974713
172,M10970363,1,pipeline_OakhurstCity/_compcor_ncomponents_5_linear1.motion1.compcor1.CSF_0.98_GM_0.7_WM_0.98/M10970363_session_1/scan_RfMRI_mx_1400_rest_RPI,True,0.472062298762,1.60481596453
173,M10937714,1,pipeline_OakhurstCity/_compcor_ncomponents_5_linear1.motion1.compcor1.CSF_0.98_GM_0.7_WM_0.98/M10937714_session_1/scan_RfMRI_mx_1400_rest_RPI,True,0.31191314505,1.70597876892
174,M10953790,1,pipeline_OakhurstCity/_compcor_ncomponents_5_linear1.motion1.compcor1.CSF_0.98_GM_0.7_WM_0.98/M10953790_session_1/scan_RfMRI_mx_1400_rest_RPI,True,0.241140184901,0.488073611251
175,M10916415,1,pipeline_OakhurstCity/_compcor_ncomponents_5_linear1.motion1.compcor1.CSF_0.98_GM_0.7_WM_0.98/M10916415_SLB_session_1/scan_RfMRI_mx_1400_rest_RPI,True,0.300716182673,0.376351816788
176,M10913044,2,pipeline_CheboyganCity/_compcor_ncomponents_5_linear1.motion1.compcor1.CSF_0.98_GM_0.7_WM_0.98/0113044_session_1/scan_RfMRI_mx_1400_rest,True,0.35828065099,2.56349473376
177,M10964093,2,pipeline_CheboyganCity/_compcor_ncomponents_5_linear1.motion1.compcor1.CSF_0.98_GM_0.7_WM_0.98/0164093_session_1/scan_RfMRI_mx_1400_rest,True,0.583944227228,1.47010952313
178,M10961530,2,pipeline_CheboyganCity/_compcor_ncomponents_5_linear1.motion1.compcor1.CSF_0.98_GM_0.7_WM_0.98/0161530_session_1/scan_RfMRI_mx_1400_rest,True,0.257643440347,1.3978213119
179,M10981960,2,pipeline_CheboyganCity/_compcor_ncomponents_5_linear1.motion1.compcor1.CSF_0.98_GM_0.7_WM_0.98/0181960_session_1/scan_RfMRI_mx_1400_rest,True,0.305379855693,1.9216664695
180,M10964385,2,pipeline_CheboyganCity/_compcor_ncomponents_5_linear1.motion1.compcor1.CSF_0.98_GM_0.7_WM_0.98/0164385_session_1/scan_RfMRI_mx_1400_rest,True,0.196910509653,0.694104235688
181,M10981535,2,pipeline_CheboyganCity/_compcor_ncomponents_5_linear1.motion1.compcor1.CSF_0.98_GM_0.7_WM_0.98/0181535_session_1/scan_RfMRI_mx_1400_rest,True,0.16076854604,1.57937040937
182,M10942673,2,pipeline_CheboyganCity/_compcor_ncomponents_5_linear1.motion1.compcor1.CSF_0.98_GM_0.7_WM_0.98/0142673_session_1/scan_RfMRI_mx_1400_rest,True,0.241893464109,0.308889915666
183,M10963508,2,pipeline_CheboyganCity/_compcor_ncomponents_5_linear1.motion1.compcor1.CSF_0.98_GM_0.7_WM_0.98/0163508_session_1/scan_RfMRI_mx_1400_rest,True,0.227545526733,0.8294295389
184,M10986067,2,pipeline_CheboyganCity/_compcor_ncomponents_5_linear1.motion1.compcor1.CSF_0.98_GM_0.7_WM_0.98/0186067_session_1/scan_RfMRI_mx_1400_rest,True,0.213174538861,0.384470974197
185,M10950404,2,pipeline_CheboyganCity/_compcor_ncomponents_5_linear1.motion1.compcor1.CSF_0.98_GM_0.7_WM_0.98/0150404_session_1/scan_RfMRI_mx_1400_rest,True,0.263387110644,0.457422889677
186,M10963228,2,pipeline_CheboyganCity/_compcor_ncomponents_5_linear1.motion1.compcor1.CSF_0.98_GM_0.7_WM_0.98/0163228_session_1/scan_RfMRI_mx_1400_rest,True,0.299302960644,1.10711268622
187,M10973358,2,pipeline_CheboyganCity/_compcor_ncomponents_5_linear1.motion1.compcor1.CSF_0.98_GM_0.7_WM_0.98/0173358_session_1/scan_RfMRI_mx_1400_rest,True,0.313999559158,0.557966486449
188,M10966094,2,pipeline_CheboyganCity/_compcor_ncomponents_5_linear1.motion1.compcor1.CSF_0.98_GM_0.7_WM_0.98/0166094_session_1/scan_RfMRI_mx_1400_rest,True,0.401033202475,0.885443899973
189,M10971391,2,pipeline_CheboyganCity/_compcor_ncomponents_5_linear1.motion1.compcor1.CSF_0.98_GM_0.7_WM_0.98/0171391_session_1/scan_RfMRI_mx_1400_rest,False,0.0,0.0
